722287TYA.csv,722287,Anniston Metropolitan AP
722284TYA.csv,722284,Auburn-Opelika Apt
722280TYA.csv,722280,Birmingham Municipal AP
722269TYA.csv,722269,Cairns Field Fort Rucker
722268TYA.csv,722268,Dothan Municipal AP
722285TYA.csv,722285,Gadsen Muni (AWOS)
723230TYA.csv,723230,Huntsville Intl/Jones Field
722265TYA.csv,722265,Maxwell AFB
722235TYA.csv,722235,Mobile Downtown AP
722230TYA.csv,722230,Mobile Regional AP
722260TYA.csv,722260,Montgomery Dannelly Field
723235TYA.csv,723235,Muscle Shoals Regional AP
722267TYA.csv,722267,Troy Af
722286TYA.csv,722286,Tuscaloosa Municipal AP
704540TYA.csv,704540,Adak NAS
701718TYA.csv,701718,Ambler
701625TYA.csv,701625,Anaktuvuk Pass
702730TYA.csv,702730,Anchorage Intl AP
702735TYA.csv,702735,Anchorage Merrill Field
702720TYA.csv,702720,Anchorage/Elmendorf
702320TYA.csv,702320,Aniak Airport
703980TYA.csv,703980,Annette Island AP
702075TYA.csv,702075,Anvik
700260TYA.csv,700260,Barrow W Post-W Rogers Arpt [NSA - ARM]
702190TYA.csv,702190,Bethel Airport
701740TYA.csv,701740,Bettles Field
702670TYA.csv,702670,Big Delta Allen AAF
702986TYA.csv,702986,Big River Lake
702746TYA.csv,702746,Birchwood
702606TYA.csv,702606,Chulitna
703160TYA.csv,703160,Cold Bay Arpt
702960TYA.csv,702960,Cordova
700637TYA.csv,700637,Deadhorse
703210TYA.csv,703210,Dillingham (AMOS)
704890TYA.csv,704890,Dutch Harbor
702084TYA.csv,702084,Emmonak
702610TYA.csv,702610,Fairbanks Intl Arpt
702650TYA.csv,702650,Fairbanks/Eielson A
701940TYA.csv,701940,Fort Yukon
702040TYA.csv,702040,Gambell
702710TYA.csv,702710,Gulkana Intermediate Field
703670TYA.csv,703670,Gustavus
702495TYA.csv,702495,Hayes River
702647TYA.csv,702647,Healy River Airport
703410TYA.csv,703410,Homer Arpt
702607TYA.csv,702607,Hoonah
702186TYA.csv,702186,Hooper Bay
702225TYA.csv,702225,Huslia
703884TYA.csv,703884,Hydaburg Seaplane
703400TYA.csv,703400,Iliamna Arpt
703810TYA.csv,703810,Juneau Int'l Arpt
703855TYA.csv,703855,Kake Seaplane Base
702590TYA.csv,702590,Kenai Municipal AP
703950TYA.csv,703950,Ketchikan Intl AP
703260TYA.csv,703260,King Salmon Arpt
703500TYA.csv,703500,Kodiak Airport
701330TYA.csv,701330,Kotzebue Ralph Wein Memorial
702725TYA.csv,702725,Lake Hood Seaplane
702310TYA.csv,702310,McGrath Arpt
702185TYA.csv,702185,Mekoryuk
703430TYA.csv,703430,Middleton Island Aut
702460TYA.csv,702460,Minchumina
702600TYA.csv,702600,Nenana Municipal AP
702000TYA.csv,702000,Nome Municipal Arpt
702910TYA.csv,702910,Northway Airport
702740TYA.csv,702740,Palmer Municipal
703860TYA.csv,703860,Petersburg
701043TYA.csv,701043,Point Hope (AWOS)
703330TYA.csv,703330,Port Heiden
702005TYA.csv,702005,Saint Mary`S (AWOS)
703165TYA.csv,703165,Sand Point
702035TYA.csv,702035,Savoonga
700197TYA.csv,700197,Selawik
702770TYA.csv,702770,Seward
704140TYA.csv,704140,Shemya AFB
701195TYA.csv,701195,Shishmaref (AWOS)
703710TYA.csv,703710,Sitka Japonski AP
703620TYA.csv,703620,Skagway Airport
703407TYA.csv,703407,Sleetmute
702595TYA.csv,702595,Soldotna
703080TYA.csv,703080,St Paul Island Arpt
702510TYA.csv,702510,Talkeetna State Arpt
701780TYA.csv,701780,Tanana Ralph M Calhoun Mem AP
703606TYA.csv,703606,Togiac Village AWOS
702070TYA.csv,702070,Unalakleet Field
702756TYA.csv,702756,Valdez Pioneer Fiel
702750TYA.csv,702750,Valdez Wso
702757TYA.csv,702757,Whittier
703870TYA.csv,703870,Wrangell
703610TYA.csv,703610,Yakutat State Arpt
723448TYA.csv,723448,Batesville (AWOS)
723444TYA.csv,723444,Bentonville (AWOS)
723419TYA.csv,723419,El Dorado Goodwin Field
723445TYA.csv,723445,Fayetteville Drake Field
723447TYA.csv,723447,Flippin (AWOS)
723440TYA.csv,723440,Fort Smith Regional AP
723446TYA.csv,723446,Harrison Faa AP
723407TYA.csv,723407,Jonesboro Muni
723403TYA.csv,723403,Little Rock Adams Field
723405TYA.csv,723405,Little Rock AFB
723415TYA.csv,723415,Memorial Fld
723417TYA.csv,723417,Pine Bluff Faa AP
723449TYA.csv,723449,Rogers (AWOS)
723443TYA.csv,723443,Siloam Spring (AWOS)
723434TYA.csv,723434,Springdale Muni
723416TYA.csv,723416,Stuttgart (AWOS)
723418TYA.csv,723418,Texarkana Webb Field
723406TYA.csv,723406,Walnut Ridge (AWOS)
722748TYA.csv,722748,Casa Granda (AWOS)
722745TYA.csv,722745,Davis Monthan AFB
722784TYA.csv,722784,Deer Valley/Phoenix
722735TYA.csv,722735,Douglas Bisbee-Douglas Intl A
723755TYA.csv,723755,Flagstaff Pulliam Arpt
723783TYA.csv,723783,Grand Canyon Natl P
723700TYA.csv,723700,Kingman (AMOS)
722785TYA.csv,722785,Luke AFB
723710TYA.csv,723710,Page Muni (AMOS)
722780TYA.csv,722780,Phoenix Sky Harbor Intl AP
723723TYA.csv,723723,Prescott Love Field
722747TYA.csv,722747,Safford (AMOS)
722789TYA.csv,722789,Scottsdale Muni
723747TYA.csv,723747,Show Low Municipal
722740TYA.csv,722740,Tucson International AP
723740TYA.csv,723740,Winslow Municipal AP
722800TYA.csv,722800,Yuma Intl Arpt
699604TYA.csv,699604,Yuma MCAS
725958TYA.csv,725958,Alturas
725945TYA.csv,725945,Arcata Airport
723840TYA.csv,723840,Bakersfield Meadows Field
724837TYA.csv,724837,Beale AFB
724800TYA.csv,724800,Bishop Airport
725845TYA.csv,725845,Blue Canyon AP
747188TYA.csv,747188,Blythe Riverside Co Arpt
722880TYA.csv,722880,Burbank-Glendale-Passadena AP
723926TYA.csv,723926,Camarillo (AWOS)
722926TYA.csv,722926,Camp Pendleton MCAS
722927TYA.csv,722927,Carlsbad/Palomar
746120TYA.csv,746120,China Lake Naf
722899TYA.csv,722899,Chino Airport
722904TYA.csv,722904,Chula Vista Brown Field NAAS
724936TYA.csv,724936,Concord Concord-Buchanan Fiel
725946TYA.csv,725946,Crescent City Faa Ai
723815TYA.csv,723815,Daggett Barstow-Daggett AP
723810TYA.csv,723810,Edwards AFB
723890TYA.csv,723890,Fresno Yosemite Intl AP
722976TYA.csv,722976,Fullerton Municipal
724935TYA.csv,724935,Hayward Air Term
747185TYA.csv,747185,Imperial
722956TYA.csv,722956,Jack Northrop Fld H
723816TYA.csv,723816,Lancaster Gen Wm Fox Field
747020TYA.csv,747020,Lemoore Reeves NAS
724927TYA.csv,724927,Livermore Municipal
722895TYA.csv,722895,Lompoc (AWOS)
722970TYA.csv,722970,Long Beach Daugherty Fld
722950TYA.csv,722950,Los Angeles Intl Arpt
722860TYA.csv,722860,March AFB
724815TYA.csv,724815,Merced/Macready Fld
724926TYA.csv,724926,Modesto City-County AP
725955TYA.csv,725955,Montague Siskiyou County AP
724915TYA.csv,724915,Monterey Naf
745090TYA.csv,745090,Mountain View Moffett Fld NAS
724955TYA.csv,724955,Napa Co. Airport
723805TYA.csv,723805,Needles Airport
724930TYA.csv,724930,Oakland Metropolitan Arpt
723927TYA.csv,723927,Oxnard Airport
722868TYA.csv,722868,Palm Springs Intl
747187TYA.csv,747187,Palm Springs Thermal AP
723820TYA.csv,723820,Palmdale Airport
723965TYA.csv,723965,Paso Robles Municipal Arpt
723910TYA.csv,723910,Point Mugu Nf
723895TYA.csv,723895,Porterville (AWOS)
725910TYA.csv,725910,Red Bluff Municipal Arpt
725920TYA.csv,725920,Redding Municipal Arpt
722869TYA.csv,722869,Riverside Muni
724830TYA.csv,724830,Sacramento Executive Arpt
724839TYA.csv,724839,Sacramento Metropolitan AP
724917TYA.csv,724917,Salinas Municipal AP
722900TYA.csv,722900,San Diego Lindbergh Field
722930TYA.csv,722930,San Diego Miramar NAS
722906TYA.csv,722906,San Diego North Island NAS
722903TYA.csv,722903,San Diego/Montgomer
724940TYA.csv,724940,San Francisco Intl AP
724945TYA.csv,724945,San Jose Intl AP
722897TYA.csv,722897,San Luis Co Rgnl
723830TYA.csv,723830,Sandberg
722977TYA.csv,722977,Santa Ana John Wayne AP
723925TYA.csv,723925,Santa Barbara Municipal AP
723940TYA.csv,723940,Santa Maria Public Arpt
722885TYA.csv,722885,Santa Monica Muni
724957TYA.csv,724957,Santa Rosa (AWOS)
725847TYA.csv,725847,South Lake Tahoe
724920TYA.csv,724920,Stockton Metropolitan Arpt
745160TYA.csv,745160,Travis Field AFB
725846TYA.csv,725846,Truckee-Tahoe
690150TYA.csv,690150,Twentynine Palms
725905TYA.csv,725905,Ukiah Municipal AP
722886TYA.csv,722886,Van Nuys Airport
723896TYA.csv,723896,Visalia Muni (AWOS)
724838TYA.csv,724838,Yuba Co
724698TYA.csv,724698,Akron Washington Co AP
724620TYA.csv,724620,Alamosa San Luis Valley Rgnl
724676TYA.csv,724676,Aspen Pitkin Co Sar
724695TYA.csv,724695,Aurora Buckley Field ANGB
724699TYA.csv,724699,Broomfield/Jeffco [Boulder - Surfrad]
724660TYA.csv,724660,Colorado Springs Muni AP
724767TYA.csv,724767,Cortez/Montezuma Co
725700TYA.csv,725700,Craig-Moffat
725650TYA.csv,725650,Denver Intl AP
724666TYA.csv,724666,Denver/Centennial [Golden - NREL]
724625TYA.csv,724625,Durango/La Plata Co
724675TYA.csv,724675,Eagle County AP
724769TYA.csv,724769,Fort Collins (AWOS)
724760TYA.csv,724760,Grand Junction Walker Field
724768TYA.csv,724768,Greeley/Weld (AWOS)
724677TYA.csv,724677,Gunnison Co. (AWOS)
725715TYA.csv,725715,Hayden/Yampa (AWOS)
724635TYA.csv,724635,La Junta Municipal AP
724636TYA.csv,724636,Lamar Municipal
724673TYA.csv,724673,Leadville/Lake Co.
724665TYA.csv,724665,Limon
724765TYA.csv,724765,Montrose Co. Arpt
724640TYA.csv,724640,Pueblo Memorial AP
725717TYA.csv,725717,Rifle/Garfield Rgnl
724645TYA.csv,724645,Trinidad Las Animas County AP
725040TYA.csv,725040,Bridgeport Sikorsky Memorial
725086TYA.csv,725086,Danbury Municipal
725046TYA.csv,725046,Groton New London AP
725080TYA.csv,725080,Hartford Bradley Intl AP
725087TYA.csv,725087,Hartford Brainard Fd
725045TYA.csv,725045,New Haven Tweed Airport
725029TYA.csv,725029,Oxford (AWOS)
724088TYA.csv,724088,Dover AFB
724089TYA.csv,724089,Wilmington New Castle Cnty AP
722215TYA.csv,722215,Crestview Bob Sikes AP
722056TYA.csv,722056,Daytona Beach Intl AP
722039TYA.csv,722039,Fort Lauderdale
722025TYA.csv,722025,Fort Lauderdale Hollywood Int
722106TYA.csv,722106,Fort Myers Page Field
722146TYA.csv,722146,Gainesville Regional AP
722026TYA.csv,722026,Homestead AFB
722060TYA.csv,722060,Jacksonville Intl Arpt
722065TYA.csv,722065,Jacksonville NAS
722068TYA.csv,722068,Jacksonville/Craig
722010TYA.csv,722010,Key West Intl Arpt
722015TYA.csv,722015,Key West NAS
722119TYA.csv,722119,Lakeland Linder Rgn
747880TYA.csv,747880,MacDill AFB
722016TYA.csv,722016,Marathon Airport
722066TYA.csv,722066,Mayport Ns
722040TYA.csv,722040,Melbourne Regional AP
722020TYA.csv,722020,Miami Intl AP
722029TYA.csv,722029,Miami/Kendall-Tamia
722024TYA.csv,722024,Miami/Opa Locka
722038TYA.csv,722038,Naples Municipal
747946TYA.csv,747946,NASA Shuttle Fclty
722055TYA.csv,722055,Ocala Muni (AWOS)
722053TYA.csv,722053,Orlando Executive AP
722050TYA.csv,722050,Orlando Intl Arpt
722057TYA.csv,722057,Orlando Sanford Airport
722245TYA.csv,722245,Panama City Bay Co
722225TYA.csv,722225,Pensacola Forest Sherman NAS
722223TYA.csv,722223,Pensacola Regional AP
722115TYA.csv,722115,Sarasota Bradenton
722108TYA.csv,722108,Southwest Florida I
722103TYA.csv,722103,St Lucie Co Intl
722104TYA.csv,722104,St Petersburg Albert Whitted
722116TYA.csv,722116,St Petersburg Clear
722140TYA.csv,722140,Tallahassee Regional AP [ISIS]
722110TYA.csv,722110,Tampa International AP
747750TYA.csv,747750,Tyndall AFB
722210TYA.csv,722210,Valparaiso Elgin AFB
747770TYA.csv,747770,Valparaiso Hurlburt
722045TYA.csv,722045,Vero Beach Municipal Arpt
722030TYA.csv,722030,West Palm Beach Intl Arpt
722226TYA.csv,722226,Whiting Field NAAS
722160TYA.csv,722160,Albany Dougherty County AP
722135TYA.csv,722135,Alma Bacon County AP
723110TYA.csv,723110,Athens Ben Epps AP
722190TYA.csv,722190,Atlanta Hartsfield Intl AP
722180TYA.csv,722180,Augusta Bush Field
722136TYA.csv,722136,Brunswick Golden Is
722137TYA.csv,722137,Brunswick Malcolm McKinnon AP
722255TYA.csv,722255,Columbus Metropolitan Arpt
722196TYA.csv,722196,Dekalb Peachtree
722250TYA.csv,722250,Fort Benning Lawson
722195TYA.csv,722195,Fulton Co Arpt Brow
747804TYA.csv,747804,Hunter AAF
722170TYA.csv,722170,Macon Middle Ga Regional AP
722270TYA.csv,722270,Marietta Dobbins AFB
747810TYA.csv,747810,Moody AFB/Valdosta
723200TYA.csv,723200,Rome R B Russell AP
722070TYA.csv,722070,Savannah Intl AP
722166TYA.csv,722166,Valdosta Wb Airport
722175TYA.csv,722175,Warner Robins AFB
912180TYA.csv,912180,Andersen AFB
912120TYA.csv,912120,Guam Wfo
911780TYA.csv,911780,Barbers Point NAS
912850TYA.csv,912850,Hilo International AP
911820TYA.csv,911820,Honolulu Intl Arpt
911900TYA.csv,911900,Kahului Airport
911760TYA.csv,911760,Kaneohe Bay MCAS
911904TYA.csv,911904,Kapalua
911975TYA.csv,911975,Kona Intl At Keahol
911905TYA.csv,911905,Lanai
911650TYA.csv,911650,Lihue Airport
911860TYA.csv,911860,Molokai (AMOS)
726810TYA.csv,726810,Boise Air Terminal [UO]
725867TYA.csv,725867,Burley Municipal Arpt
726813TYA.csv,726813,Caldwell (AWOS)
727834TYA.csv,727834,Coeur D`Alene (AWOS)
725865TYA.csv,725865,Hailey/Friedman Mem
725785TYA.csv,725785,Idaho Falls Fanning Field
725866TYA.csv,725866,Joslin Fld Magic Va [Twin Falls - UO]
727830TYA.csv,727830,Lewiston Nez Perce Cnty AP
725786TYA.csv,725786,Malad City
726815TYA.csv,726815,Mountain Home AFB
725780TYA.csv,725780,Pocatello Regional AP
726865TYA.csv,726865,Salmon/Lemhi (AWOS)
725868TYA.csv,725868,Soda Springs/Tigert
744655TYA.csv,744655,Aurora Municipal
724338TYA.csv,724338,Belleville Scott AFB
725314TYA.csv,725314,Cahokia/St. Louis
724397TYA.csv,724397,Central Illinois Rg
725340TYA.csv,725340,Chicago Midway AP
725300TYA.csv,725300,Chicago Ohare Intl AP
725347TYA.csv,725347,Chicago/Waukegan
725316TYA.csv,725316,Decatur
724339TYA.csv,724339,Marion Regional
725440TYA.csv,725440,Moline Quad City Intl AP
724335TYA.csv,724335,Mount Vernon (AWOS)
725320TYA.csv,725320,Peoria Greater Peoria AP
724396TYA.csv,724396,Quincy Muni Baldwin Fld
725430TYA.csv,725430,Rockford Greater Rockford AP
724336TYA.csv,724336,Southern Illinois
724390TYA.csv,724390,Springfield Capital AP
725326TYA.csv,725326,Sterling Rockfalls
725315TYA.csv,725315,Univ Of Illinois Wi [Bondville - Surfrad]
725305TYA.csv,725305,W. Chicago/Du Page
725336TYA.csv,725336,Delaware Co Johnson
724320TYA.csv,724320,Evansville Regional AP
725330TYA.csv,725330,Fort Wayne Intl AP
725335TYA.csv,725335,Grissom Arb
724365TYA.csv,724365,Huntingburg
724380TYA.csv,724380,Indianapolis Intl AP
724386TYA.csv,724386,Lafayette Purdue Univ AP
724375TYA.csv,724375,Monroe Co
725350TYA.csv,725350,South Bend Michiana Rgnl AP
724373TYA.csv,724373,Terre Haute Hulman Regional A
725457TYA.csv,725457,Algona
725453TYA.csv,725453,Atlantic
725486TYA.csv,725486,Boone Muni
725455TYA.csv,725455,Burlington Municipal AP
725468TYA.csv,725468,Carroll
725450TYA.csv,725450,Cedar Rapids Municipal AP
725469TYA.csv,725469,Chariton
725463TYA.csv,725463,Charles City
725479TYA.csv,725479,Clarinda
725473TYA.csv,725473,Clinton Muni (AWOS)
725497TYA.csv,725497,Council Bluffs
725474TYA.csv,725474,Creston
725476TYA.csv,725476,Decorah
725477TYA.csv,725477,Denison
725460TYA.csv,725460,Des Moines Intl AP
725470TYA.csv,725470,Dubuque Regional AP
726499TYA.csv,726499,Estherville Muni
726498TYA.csv,726498,Fair Field
725490TYA.csv,725490,Fort Dodge (AWOS)
725483TYA.csv,725483,Fort Madison
725456TYA.csv,725456,Keokuk Muni
725493TYA.csv,725493,Knoxville
725484TYA.csv,725484,Le Mars
725485TYA.csv,725485,Mason City Municipal Arpt
725475TYA.csv,725475,Monticello Muni
725487TYA.csv,725487,Muscatine
725464TYA.csv,725464,Newton Muni
725488TYA.csv,725488,Oelwen
725489TYA.csv,725489,Orange City
725465TYA.csv,725465,Ottumwa Industrial AP
725494TYA.csv,725494,Red Oak
725495TYA.csv,725495,Sheldon
725467TYA.csv,725467,Shenandoah Muni
725570TYA.csv,725570,Sioux City Sioux Gateway AP
726500TYA.csv,726500,Spencer
725496TYA.csv,725496,Storm Lake
725454TYA.csv,725454,Washington
725480TYA.csv,725480,Waterloo Municipal AP
725478TYA.csv,725478,Webster City
724507TYA.csv,724507,Chanute Martin Johnson AP
724580TYA.csv,724580,Concordia Blosser Muni AP
724510TYA.csv,724510,Dodge City Regional AP
724556TYA.csv,724556,Emporia Municipal AP
724550TYA.csv,724550,Fort Riley Marshall AAF
724515TYA.csv,724515,Garden City Municipal AP
724650TYA.csv,724650,Goodland Renner Field
724517TYA.csv,724517,Great Bend (AWOS)
724518TYA.csv,724518,Hays Muni (AWOS)
724655TYA.csv,724655,Hill City Municipal AP
724506TYA.csv,724506,Hutchinson Municipal AP
724516TYA.csv,724516,Liberal Muni
724555TYA.csv,724555,Manhattan Rgnl
724505TYA.csv,724505,McConnell AFB
724509TYA.csv,724509,Newton (AWOS)
724475TYA.csv,724475,Olathe Johnson Co Industrial
724468TYA.csv,724468,Olathe/Johnson Co.
724585TYA.csv,724585,Russell Municipal AP
724586TYA.csv,724586,Salina Municipal AP
724565TYA.csv,724565,Topeka Forbes Field
724560TYA.csv,724560,Topeka Municipal AP
724500TYA.csv,724500,Wichita Mid-Continent AP
724504TYA.csv,724504,Wichita/Col. Jabara
746716TYA.csv,746716,Bowling Green Warren Co AP
724210TYA.csv,724210,Cincinnati Northern Ky AP
746710TYA.csv,746710,Fort Campbell AAF
724240TYA.csv,724240,Fort Knox Godman AAF
724238TYA.csv,724238,Henderson City
724236TYA.csv,724236,Jackson Julian Carroll AP
724220TYA.csv,724220,Lexington Bluegrass AP
724243TYA.csv,724243,London-Corbin AP
724235TYA.csv,724235,Louisville Bowman Field
724230TYA.csv,724230,Louisville Standiford Field
724350TYA.csv,724350,Paducah Barkley Regional AP
724354TYA.csv,724354,Somerset (AWOS)
722487TYA.csv,722487,Alexandria Esler Regional AP
722485TYA.csv,722485,Barksdale AFB
722317TYA.csv,722317,Baton Rouge Ryan Arpt
747540TYA.csv,747540,England AFB
722390TYA.csv,722390,Fort Polk AAF
722406TYA.csv,722406,Houma-Terrebonne
722405TYA.csv,722405,Lafayette Regional AP
722400TYA.csv,722400,Lake Charles Regional Arpt
722404TYA.csv,722404,Lake Charles Wb Airp
722486TYA.csv,722486,Monroe Regional AP
722314TYA.csv,722314,New Iberia NAAS
722316TYA.csv,722316,New Orleans Alvin Callender F
722310TYA.csv,722310,New Orleans Intl Arpt
722315TYA.csv,722315,New Orleans Lakefront AP
722329TYA.csv,722329,Patterson Memorial
722484TYA.csv,722484,Shreveport Downtown
722480TYA.csv,722480,Shreveport Regional Arpt
726184TYA.csv,726184,Auburn-Lewiston
726185TYA.csv,726185,Augusta Airport
726088TYA.csv,726088,Bangor International AP
726077TYA.csv,726077,Bar Harbor (AWOS)
727120TYA.csv,727120,Caribou Municipal Arpt
727033TYA.csv,727033,Houlton Intl Arpt
726196TYA.csv,726196,Millinocket Municipal AP
743920TYA.csv,743920,Brunswick NAS
726083TYA.csv,726083,Northern Aroostook
726060TYA.csv,726060,Portland Intl Jetport
727130TYA.csv,727130,Presque Isle Municip
726079TYA.csv,726079,Rockland/Knox (AWOS)
726064TYA.csv,726064,Sanford Muni (AWOS)
726073TYA.csv,726073,Waterville (AWOS)
727135TYA.csv,727135,Wiscasset
745940TYA.csv,745940,Andrews AFB
724060TYA.csv,724060,Baltimore Blt-Washngtn Int'l
724066TYA.csv,724066,Hagerstown Rgnl Ric
724040TYA.csv,724040,Patuxent River NAS
724045TYA.csv,724045,Salisbury Wicomico Co AP
725067TYA.csv,725067,Barnstable Muni Boa
725088TYA.csv,725088,Beverly Muni
725090TYA.csv,725090,Boston Logan Int'l Arpt
744910TYA.csv,744910,Chicopee Falls Westo
744904TYA.csv,744904,Lawrence Muni
725066TYA.csv,725066,Marthas Vineyard
725063TYA.csv,725063,Nantucket Memorial AP
725065TYA.csv,725065,New Bedford Rgnl
725075TYA.csv,725075,North Adams
725098TYA.csv,725098,Norwood Memorial
725060TYA.csv,725060,Otis ANGBb
725064TYA.csv,725064,Plymouth Municipal
725073TYA.csv,725073,Provincetown (AWOS)
744915TYA.csv,744915,Westfield Barnes Muni AP
725095TYA.csv,725095,Worchester Regional Arpt
<Td ALIGN="RIGHT" WIDTH="640,<Font Size="2" Face="Gil Sans,<A Href="#Top" CLASS="hide,Back To Top</A> &#160 </Font>
<Td ALIGN="RIGHT,<A Href="#Top" CLASS="hide,<Img Src="/gifs/blue_up_arrow.gif" Valign="Top" BORDER="0,,</Table>
726390TYA.csv,726390,Alpena County Regional AP
725374TYA.csv,725374,Ann Arbor Municipal
725396TYA.csv,725396,Battle Creek Kellogg AP
726355TYA.csv,726355,Benton Harbor/Ross
726384TYA.csv,726384,Cadillac Wexford Co AP
727344TYA.csv,727344,Chippewa Co Intl
725375TYA.csv,725375,Detroit City Airport
725370TYA.csv,725370,Detroit Metropolitan Arpt
725376TYA.csv,725376,Detroit Willow Run AP
726480TYA.csv,726480,Escanaba (AWOS)
726370TYA.csv,726370,Flint Bishop Intl Arpt
726350TYA.csv,726350,Grand Rapids Kent County Int'
727440TYA.csv,727440,Hancock Houghton Co AP
726380TYA.csv,726380,Houghton Lake Roscommon Co Ar
725378TYA.csv,725378,Howell
727437TYA.csv,727437,Iron Mountain/Ford
727445TYA.csv,727445,Ironwood (AWOS)
725395TYA.csv,725395,Jackson Reynolds Field
726357TYA.csv,726357,Kalamazoo Battle Cr
725390TYA.csv,725390,Lansing Capital City Arpt
726385TYA.csv,726385,Manistee (AWOS)
726487TYA.csv,726487,Menominee (AWOS)
725377TYA.csv,725377,Mount Clemens Selfridge Fld
726360TYA.csv,726360,Muskegon County Arpt
726375TYA.csv,726375,Oakland Co Intl
726395TYA.csv,726395,Oscoda Wurtsmith AFB
727347TYA.csv,727347,Pellston Emmet County AP
726379TYA.csv,726379,Saginaw Tri City Intl AP
727340TYA.csv,727340,Sault Ste Marie Sanderson Fie
725384TYA.csv,725384,St.Clair County Int
726387TYA.csv,726387,Traverse City Cherry Capital
<Td ALIGN="RIGHT" WIDTH="640,<Font Size="2" Face="Gil Sans,<A Href="#Top" CLASS="hide,Back To Top</A> &#160 </Font>
<Td ALIGN="RIGHT,<A Href="#Top" CLASS="hide,<Img Src="/gifs/blue_up_arrow.gif" Valign="Top" BORDER="0,,</Table>
727504TYA.csv,727504,Aitkin Ndb (AWOS)
726589TYA.csv,726589,Albert Lea (AWOS)
726557TYA.csv,726557,Alexandria Municipal AP
727566TYA.csv,727566,Austin Muni
727476TYA.csv,727476,Baudette International AP
727550TYA.csv,727550,Bemidji Municipal
727507TYA.csv,727507,Benson Muni
726555TYA.csv,726555,Brainerd/Wieland
727503TYA.csv,727503,Cambridge Muni
726558TYA.csv,726558,Cloquet (AWOS)
727473TYA.csv,727473,Crane Lake (AWOS)
727452TYA.csv,727452,Crookston Muni Fld
727457TYA.csv,727457,Detroit Lakes (AWOS)
727450TYA.csv,727450,Duluth International Arpt
727459TYA.csv,727459,Ely Muni
727474TYA.csv,727474,Eveleth Muni (AWOS)
726586TYA.csv,726586,Fairmont Muni (AWOS)
726563TYA.csv,726563,Faribault Muni AWOS
726560TYA.csv,726560,Fergus Falls (AWOS)
726579TYA.csv,726579,Flying Cloud
727505TYA.csv,727505,Fosston (AWOS)
726547TYA.csv,726547,Glenwood (ASOS)
727458TYA.csv,727458,Grand Rapids (AWOS)
727478TYA.csv,727478,Hallock
727455TYA.csv,727455,Hibbing Chisholm-Hibbing AP
726569TYA.csv,726569,Hutchinson (AWOS)
727470TYA.csv,727470,International Falls Intl AP
726583TYA.csv,726583,Litchfield Muni
726578TYA.csv,726578,Little Falls (AWOS)
726585TYA.csv,726585,Mankato (AWOS)
726559TYA.csv,726559,Marshall/Ryan (AWOS)
726575TYA.csv,726575,Minneapolis/Crystal
726580TYA.csv,726580,Minneapolis-St Paul Int'l Arp
727475TYA.csv,727475,Mora Muni (AWOS)
726565TYA.csv,726565,Morris Muni (AWOS)
726567TYA.csv,726567,New Ulm Muni (AWOS)
726544TYA.csv,726544,Orr, MN
726568TYA.csv,726568,Owatonna (AWOS)
727453TYA.csv,727453,Park Rapids Municipal AP
726566TYA.csv,726566,Pipestone (AWOS)
726564TYA.csv,726564,Red Wing
726556TYA.csv,726556,Redwood Falls Muni
726440TYA.csv,726440,Rochester International Arpt
727477TYA.csv,727477,Roseau Muni (AWOS)
727556TYA.csv,727556,Silver Bay
726603TYA.csv,726603,South St Paul Muni
726550TYA.csv,726550,St Cloud Regional Arpt
726584TYA.csv,726584,St Paul Downtown AP
727555TYA.csv,727555,Thief River (AWOS)
727444TYA.csv,727444,Two Harbors
727533TYA.csv,727533,Wheaton Ndb (AWOS)
726576TYA.csv,726576,Willmar
726588TYA.csv,726588,Winona Muni (AWOS)
726587TYA.csv,726587,Worthington (AWOS)
<Td ALIGN="RIGHT" WIDTH="640,<Font Size="2" Face="Gil Sans,<A Href="#Top" CLASS="hide,Back To Top</A> &#160 </Font>
<Td ALIGN="RIGHT,<A Href="#Top" CLASS="hide,<Img Src="/gifs/blue_up_arrow.gif" Valign="Top" BORDER="0,,</Table>
723306TYA.csv,723306,Columbus AFB
723307TYA.csv,723307,Golden Tri (AWOS)
722356TYA.csv,722356,Greenville Municipal
722359TYA.csv,722359,Greenwood Leflore Arpt
747685TYA.csv,747685,Gulfport Biloxi Int
722348TYA.csv,722348,Hattiesburg Laurel
722350TYA.csv,722350,Jackson International AP
747686TYA.csv,747686,Keesler AFB
722358TYA.csv,722358,McComb Pike County AP
722340TYA.csv,722340,Meridian Key Field
722345TYA.csv,722345,Meridian NAAS
722357TYA.csv,722357,Natchez/Hardy (AWOS)
723320TYA.csv,723320,Tupelo C D Lemons Arpt
<Td ALIGN="RIGHT" WIDTH="640,<Font Size="2" Face="Gil Sans,<A Href="#Top" CLASS="hide,Back To Top</A> &#160 </Font>
<Td ALIGN="RIGHT,<A Href="#Top" CLASS="hide,<Img Src="/gifs/blue_up_arrow.gif" Valign="Top" BORDER="0,,</Table>
723489TYA.csv,723489,Cape Girardeau Municipal AP
724450TYA.csv,724450,Columbia Regional Airport
724454TYA.csv,724454,Farmington
724457TYA.csv,724457,Ft Lnrd Wd AAF
724458TYA.csv,724458,Jefferson City Mem
723495TYA.csv,723495,Joplin Municipal AP
724459TYA.csv,724459,Kaiser Mem (AWOS)
724463TYA.csv,724463,Kansas City Downtown AP
724460TYA.csv,724460,Kansas City Int'l Arpt
724455TYA.csv,724455,Kirksville Regional AP
723300TYA.csv,723300,Poplar Bluff (AMOS)
724400TYA.csv,724400,Springfield Regional Arpt
724490TYA.csv,724490,St Joseph Rosecrans Memorial
724340TYA.csv,724340,St Louis Lambert Int'l Arpt
724345TYA.csv,724345,St Louis Spirit Of St Louis A
724456TYA.csv,724456,Vichy Rolla Natl Arpt
724467TYA.csv,724467,Whiteman AFB
<Td ALIGN="RIGHT" WIDTH="640,<Font Size="2" Face="Gil Sans,<A Href="#Top" CLASS="hide,Back To Top</A> &#160 </Font>
<Td ALIGN="RIGHT,<A Href="#Top" CLASS="hide,<Img Src="/gifs/blue_up_arrow.gif" Valign="Top" BORDER="0,,</Table>
726770TYA.csv,726770,Billings Logan Int'l Arpt
726797TYA.csv,726797,Bozeman Gallatin Field
726785TYA.csv,726785,Butte Bert Mooney Arpt
727796TYA.csv,727796,Cut Bank Muni AP
727680TYA.csv,727680,Glasgow Intl Arpt
726676TYA.csv,726676,Glendive (AWOS)
727750TYA.csv,727750,Great Falls Intl Arpt
727770TYA.csv,727770,Havre City-County AP
727720TYA.csv,727720,Helena Regional Airport
727790TYA.csv,727790,Kalispell Glacier Pk Int'l Ar
726776TYA.csv,726776,Lewistown Municipal Arpt
726798TYA.csv,726798,Livingston Mission Field
742300TYA.csv,742300,Miles City Municipal Arpt
727730TYA.csv,727730,Missoula International AP
727687TYA.csv,727687,Sidney-Richland
727686TYA.csv,727686,Wolf Point Intl [Fort Peck - Surfrad]
<Td ALIGN="RIGHT" WIDTH="640,<Font Size="2" Face="Gil Sans,<A Href="#Top" CLASS="hide,Back To Top</A> &#160 </Font>
<Td ALIGN="RIGHT,<A Href="#Top" CLASS="hide,<Img Src="/gifs/blue_up_arrow.gif" Valign="Top" BORDER="0,,</Table>
725556TYA.csv,725556,Ainsworth Municipal
725635TYA.csv,725635,Alliance Municipal
725515TYA.csv,725515,Beatrice Municipal
725540TYA.csv,725540,Bellevue Offutt AFB
725628TYA.csv,725628,Brewster Field Arpt
725555TYA.csv,725555,Broken Bow Muni
725636TYA.csv,725636,Chadron Municipal AP
725565TYA.csv,725565,Columbus Muni
725533TYA.csv,725533,Falls City/Brenner
725564TYA.csv,725564,Fremont Muni Arpt
725520TYA.csv,725520,Grand Island Central Ne Regio
725525TYA.csv,725525,Hastings Municipal
725626TYA.csv,725626,Imperial Faa AP
725526TYA.csv,725526,Kearney Muni (AWOS)
725510TYA.csv,725510,Lincoln Municipal Arpt
725625TYA.csv,725625,McCook Municipal
725560TYA.csv,725560,Norfolk Karl Stefan Mem Arpt
725620TYA.csv,725620,North Platte Regional AP
725566TYA.csv,725566,O`Neill/Baker Field
725500TYA.csv,725500,Omaha Eppley Airfield
725530TYA.csv,725530,Omaha Wsfo
725524TYA.csv,725524,Ord/Sharp Field
725660TYA.csv,725660,Scottsbluff W B Heilig Field
725610TYA.csv,725610,Sidney Municipal AP
725527TYA.csv,725527,Tekamah (ASOS)
725670TYA.csv,725670,Valentine Miller Field
<Td ALIGN="RIGHT" WIDTH="640,<Font Size="2" Face="Gil Sans,<A Href="#Top" CLASS="hide,Back To Top</A> &#160 </Font>
<Td ALIGN="RIGHT,<A Href="#Top" CLASS="hide,<Img Src="/gifs/blue_up_arrow.gif" Valign="Top" BORDER="0,,</Table>
725825TYA.csv,725825,Elko Municipal Arpt
724860TYA.csv,724860,Ely Yelland Field
724885TYA.csv,724885,Fallon NAAS
723860TYA.csv,723860,Las Vegas McCarran Intl AP
725805TYA.csv,725805,Lovelock Derby Field
723870TYA.csv,723870,Mercury Desert Rock AP [Surfrad]
723865TYA.csv,723865,Nellis AFB
724880TYA.csv,724880,Reno Tahoe International AP
724855TYA.csv,724855,Tonopah Airport
725830TYA.csv,725830,Winnemucca Municipal Arpt
<Td ALIGN="RIGHT" WIDTH="640,<Font Size="2" Face="Gil Sans,<A Href="#Top" CLASS="hide,Back To Top</A> &#160 </Font>
<Td ALIGN="RIGHT,<A Href="#Top" CLASS="hide,<Img Src="/gifs/blue_up_arrow.gif" Valign="Top" BORDER="0,,</Table>
726160TYA.csv,726160,Berlin Municipal
726050TYA.csv,726050,Concord Municipal Arpt
726165TYA.csv,726165,Dillant Hopkins
726155TYA.csv,726155,Laconia Muni (AWOS)
726116TYA.csv,726116,Lebanon Municipal
743945TYA.csv,743945,Manchester Airport
726130TYA.csv,726130,Mount Washington
726055TYA.csv,726055,Pease Intl Tradepor
<Td ALIGN="RIGHT" WIDTH="640,<Font Size="2" Face="Gil Sans,<A Href="#Top" CLASS="hide,Back To Top</A> &#160 </Font>
<Td ALIGN="RIGHT,<A Href="#Top" CLASS="hide,<Img Src="/gifs/blue_up_arrow.gif" Valign="Top" BORDER="0,,</Table>
724070TYA.csv,724070,Atlantic City Intl AP
724084TYA.csv,724084,Belmar Asc
724094TYA.csv,724094,Caldwell/Essex Co.
745966TYA.csv,745966,Cape May Co
724096TYA.csv,724096,McGuire AFB
724075TYA.csv,724075,Millville Municipal AP
725020TYA.csv,725020,Newark International Arpt
725025TYA.csv,725025,Teterboro Airport
724095TYA.csv,724095,Trenton Mercer County AP
<Td ALIGN="RIGHT" WIDTH="640,<Font Size="2" Face="Gil Sans,<A Href="#Top" CLASS="hide,Back To Top</A> &#160 </Font>
<Td ALIGN="RIGHT,<A Href="#Top" CLASS="hide,<Img Src="/gifs/blue_up_arrow.gif" Valign="Top" BORDER="0,,</Table>
723650TYA.csv,723650,Albuquerque Intl Arpt [ISIS]
722687TYA.csv,722687,Carlsbad Cavern City Air Term
723600TYA.csv,723600,Clayton Municipal Airpark
722686TYA.csv,722686,Clovis Cannon AFB
722689TYA.csv,722689,Clovis Muni (AWOS)
722725TYA.csv,722725,Deming Muni
723658TYA.csv,723658,Farmington Four Corners Regl
723627TYA.csv,723627,Gallup Sen Clarke Fld
747320TYA.csv,747320,Holloman AFB
722695TYA.csv,722695,Las Cruces Intl
723677TYA.csv,723677,Las Vegas Municipal Arpt
722680TYA.csv,722680,Roswell Industrial Air Park
723656TYA.csv,723656,Santa Fe County Municipal AP
722683TYA.csv,722683,Sierra Blanca Rgnl
723663TYA.csv,723663,Taos Muni Apt (AWOS)
722710TYA.csv,722710,Truth Or Consequences Muni AP
723676TYA.csv,723676,Tucumcari Faa AP
<Td ALIGN="RIGHT" WIDTH="640,<Font Size="2" Face="Gil Sans,<A Href="#Top" CLASS="hide,Back To Top</A> &#160 </Font>
<Td ALIGN="RIGHT,<A Href="#Top" CLASS="hide,<Img Src="/gifs/blue_up_arrow.gif" Valign="Top" BORDER="0,,</Table>
726228TYA.csv,726228,Adirondack Rgnl
725180TYA.csv,725180,Albany County AP
725150TYA.csv,725150,Binghamton Edwin A Link Field
725280TYA.csv,725280,Buffalo Niagara Intl AP
725156TYA.csv,725156,Elmira Corning Regional AP
743700TYA.csv,743700,Fort Drum/Wheeler-S
725185TYA.csv,725185,Glens Falls AP
725035TYA.csv,725035,Islip Long Isl MacArthur AP
725235TYA.csv,725235,Jamestown (AWOS)
726223TYA.csv,726223,Massena AP
725145TYA.csv,725145,Monticello (AWOS)
725033TYA.csv,725033,New York Central Prk Obs Belv
744860TYA.csv,744860,New York J F Kennedy Int'l Ar
725030TYA.csv,725030,New York Laguardia Arpt
725287TYA.csv,725287,Niagara Falls Af
725036TYA.csv,725036,Poughkeepsie Dutchess Co AP
744864TYA.csv,744864,Republic
725290TYA.csv,725290,Rochester Greater Rochester I
725038TYA.csv,725038,Stewart Field
725190TYA.csv,725190,Syracuse Hancock Int'l Arpt
725197TYA.csv,725197,Utica Oneida County AP
726227TYA.csv,726227,Watertown AP
744865TYA.csv,744865,Westhampton Gabreski AP
725037TYA.csv,725037,White Plains Westchester Co A
<Td ALIGN="RIGHT" WIDTH="640,<Font Size="2" Face="Gil Sans,<A Href="#Top" CLASS="hide,Back To Top</A> &#160 </Font>
<Td ALIGN="RIGHT,<A Href="#Top" CLASS="hide,<Img Src="/gifs/blue_up_arrow.gif" Valign="Top" BORDER="0,,</Table>
723150TYA.csv,723150,Asheville Regional Arpt
723040TYA.csv,723040,Cape Hatteras Nws Bldg
723140TYA.csv,723140,Charlotte Douglas Intl Arpt
723090TYA.csv,723090,Cherry Point MCAS
723046TYA.csv,723046,Dare Co Rgnl
746943TYA.csv,746943,Elizabeth City Coast Guard Ai [Nrel]
723030TYA.csv,723030,Fayetteville Pope AFB
723035TYA.csv,723035,Fayetteville Rgnl G
746930TYA.csv,746930,Fort Bragg Simmons AAF
723066TYA.csv,723066,Goldsboro Seymour Johnson AFB
723170TYA.csv,723170,Greensboro Piedmont Triad Int
723145TYA.csv,723145,Hickory Regional AP
723069TYA.csv,723069,Jacksonville (AWOS)
723067TYA.csv,723067,Kinston Stallings AFB
723095TYA.csv,723095,New Bern Craven Co Regl AP
723096TYA.csv,723096,New River MCAF
723065TYA.csv,723065,Pitt Greenville Arp
723060TYA.csv,723060,Raleigh Durham International
723068TYA.csv,723068,Rocky Mount Wilson
723143TYA.csv,723143,Southern Pines AWOS
723013TYA.csv,723013,Wilmington International Arpt
723193TYA.csv,723193,Winston-Salem Reynolds AP
<Td ALIGN="RIGHT" WIDTH="640,<Font Size="2" Face="Gil Sans,<A Href="#Top" CLASS="hide,Back To Top</A> &#160 </Font>
<Td ALIGN="RIGHT,<A Href="#Top" CLASS="hide,<Img Src="/gifs/blue_up_arrow.gif" Valign="Top" BORDER="0,,</Table>
727640TYA.csv,727640,Bismarck Municipal Arpt [ISIS]
727573TYA.csv,727573,Devils Lake (AWOS)
727645TYA.csv,727645,Dickinson Municipal AP
727530TYA.csv,727530,Fargo Hector International AP
727575TYA.csv,727575,Grand Forks Af
727576TYA.csv,727576,Grand Forks International AP
727535TYA.csv,727535,Jamestown Municipal Arpt
727675TYA.csv,727675,Minot AFB
727676TYA.csv,727676,Minot Faa AP
727670TYA.csv,727670,Williston Sloulin Intl AP
<Td ALIGN="RIGHT" WIDTH="640,<Font Size="2" Face="Gil Sans,<A Href="#Top" CLASS="hide,Back To Top</A> &#160 </Font>
<Td ALIGN="RIGHT,<A Href="#Top" CLASS="hide,<Img Src="/gifs/blue_up_arrow.gif" Valign="Top" BORDER="0,,</Table>
725210TYA.csv,725210,Akron Akron-Canton Reg AP
725245TYA.csv,725245,Burke Lakefront
724297TYA.csv,724297,Cincinnati Municipal AP Lunki
725240TYA.csv,725240,Cleveland Hopkins Intl AP
724280TYA.csv,724280,Columbus Port Columbus Intl A
724290TYA.csv,724290,Dayton International Airport
745700TYA.csv,745700,Dayton Wright Patterson AFB
725366TYA.csv,725366,Findlay Airport
725246TYA.csv,725246,Mansfield Lahm Municipal Arpt
724288TYA.csv,724288,Ohio State Universi
725360TYA.csv,725360,Toledo Express Airport
725250TYA.csv,725250,Youngstown Regional Airport
724286TYA.csv,724286,Zanesville Municipal AP
<Td ALIGN="RIGHT" WIDTH="640,<Font Size="2" Face="Gil Sans,<A Href="#Top" CLASS="hide,Back To Top</A> &#160 </Font>
<Td ALIGN="RIGHT,<A Href="#Top" CLASS="hide,<Img Src="/gifs/blue_up_arrow.gif" Valign="Top" BORDER="0,,</Table>
723520TYA.csv,723520,Altus AFB
723565TYA.csv,723565,Bartlesville/Philli
723526TYA.csv,723526,Clinton-Sherman
723550TYA.csv,723550,Fort Sill Post Field Af
723527TYA.csv,723527,Gage Airport
723525TYA.csv,723525,Hobart Municipal AP
723575TYA.csv,723575,Lawton Municipal
723566TYA.csv,723566,McAlester Municipal AP
723540TYA.csv,723540,Oklahoma City Tinker AFB
723530TYA.csv,723530,Oklahoma City Will Rogers Wor
723544TYA.csv,723544,Oklahoma City/Wiley
723546TYA.csv,723546,Ponca City Municipal AP [SGP - ARM]
723545TYA.csv,723545,Stillwater Rgnl
723560TYA.csv,723560,Tulsa International Airport
723535TYA.csv,723535,Vance AFB
<Td ALIGN="RIGHT" WIDTH="640,<Font Size="2" Face="Gil Sans,<A Href="#Top" CLASS="hide,Back To Top</A> &#160 </Font>
<Td ALIGN="RIGHT,<A Href="#Top" CLASS="hide,<Img Src="/gifs/blue_up_arrow.gif" Valign="Top" BORDER="0,,</Table>
727910TYA.csv,727910,Astoria Regional Airport
726959TYA.csv,726959,Aurora State
726886TYA.csv,726886,Baker Municipal AP
726830TYA.csv,726830,Burns Municipal Arpt [UO]
726945TYA.csv,726945,Corvallis Muni
726930TYA.csv,726930,Eugene Mahlon Sweet Arpt [UO]
725895TYA.csv,725895,Klamath Falls Intl AP [UO]
726884TYA.csv,726884,La Grande Muni AP
725976TYA.csv,725976,Lakeview (AWOS)
725970TYA.csv,725970,Medford Rogue Valley Intl AP [Ashland - UO]
726917TYA.csv,726917,North Bend Muni Airport
726880TYA.csv,726880,Pendleton E Or Regional AP
726980TYA.csv,726980,Portland International AP
726986TYA.csv,726986,Portland/Hillsboro
726985TYA.csv,726985,Portland/Troutdale
726835TYA.csv,726835,Redmond Roberts Field
726904TYA.csv,726904,Roseburg Regional AP
726940TYA.csv,726940,Salem McNary Field
725975TYA.csv,725975,Sexton Summit
<Td ALIGN="RIGHT" WIDTH="640,<Font Size="2" Face="Gil Sans,<A Href="#Top" CLASS="hide,Back To Top</A> &#160 </Font>
<Td ALIGN="RIGHT,<A Href="#Top" CLASS="hide,<Img Src="/gifs/blue_up_arrow.gif" Valign="Top" BORDER="0,,</Table>
725170TYA.csv,725170,Allentown Lehigh Valley Intl
725126TYA.csv,725126,Altoona Blair Co Arpt
725266TYA.csv,725266,Bradford Regional AP
725124TYA.csv,725124,Butler Co. (AWOS)
725125TYA.csv,725125,Dubois Faa AP
725260TYA.csv,725260,Erie International AP
725267TYA.csv,725267,Franklin
725118TYA.csv,725118,Harrisburg Capital City Arpt
725127TYA.csv,725127,Johnstown Cambria County AP
725116TYA.csv,725116,Lancaster
725115TYA.csv,725115,Middletown Harrisburg Intl AP
724080TYA.csv,724080,Philadelphia International AP
724085TYA.csv,724085,Philadelphia Ne Philadelphia
725205TYA.csv,725205,Pittsburgh Allegheny Co AP
725200TYA.csv,725200,Pittsburgh International AP
725103TYA.csv,725103,Reading Spaatz Field
725128TYA.csv,725128,State College [Penn State - Surfrad]
725117TYA.csv,725117,Washington (AWOS)
725130TYA.csv,725130,Wilkes-Barre Scranton Intl AP
725140TYA.csv,725140,Williamsport Regional AP
724086TYA.csv,724086,Willow Grove NAS
<Td ALIGN="RIGHT" WIDTH="640,<Font Size="2" Face="Gil Sans,<A Href="#Top" CLASS="hide,Back To Top</A> &#160 </Font>
<Td ALIGN="RIGHT,<A Href="#Top" CLASS="hide,<Img Src="/gifs/blue_up_arrow.gif" Valign="Top" BORDER="0,,</Table>
785140TYA.csv,785140,Aquadilla/Borinquen
785145TYA.csv,785145,Eugenio Maria De Ho
785203TYA.csv,785203,Mercedita
785350TYA.csv,785350,Roosevelt Roads
785260TYA.csv,785260,San Juan Intl Arpt
785263TYA.csv,785263,San Juan L M Marin Intl AP
<Td ALIGN="RIGHT" WIDTH="640,<Font Size="2" Face="Gil Sans,<A Href="#Top" CLASS="hide,Back To Top</A> &#160 </Font>
<Td ALIGN="RIGHT,<A Href="#Top" CLASS="hide,<Img Src="/gifs/blue_up_arrow.gif" Valign="Top" BORDER="0,,</Table>
725058TYA.csv,725058,Block Island State Arpt
725054TYA.csv,725054,Pawtucket (AWOS)
725070TYA.csv,725070,Providence T F Green State Ar
<Td ALIGN="RIGHT" WIDTH="640,<Font Size="2" Face="Gil Sans,<A Href="#Top" CLASS="hide,Back To Top</A> &#160 </Font>
<Td ALIGN="RIGHT,<A Href="#Top" CLASS="hide,<Img Src="/gifs/blue_up_arrow.gif" Valign="Top" BORDER="0,,</Table>
723125TYA.csv,723125,Anderson County AP
722085TYA.csv,722085,Beaufort MCAS
722080TYA.csv,722080,Charleston Intl Arpt
723100TYA.csv,723100,Columbia Metro Arpt
723106TYA.csv,723106,Florence Regional AP
723119TYA.csv,723119,Greenville Downtown AP
723120TYA.csv,723120,Greer Greenv'l-Spartanbrg AP
747910TYA.csv,747910,Myrtle Beach AFB
747915TYA.csv,747915,North Myrtle Beach Grand Stra
747900TYA.csv,747900,Sumter Shaw AFB
<Td ALIGN="RIGHT" WIDTH="640,<Font Size="2" Face="Gil Sans,<A Href="#Top" CLASS="hide,Back To Top</A> &#160 </Font>
<Td ALIGN="RIGHT,<A Href="#Top" CLASS="hide,<Img Src="/gifs/blue_up_arrow.gif" Valign="Top" BORDER="0,,</Table>
726590TYA.csv,726590,Aberdeen Regional Arpt
726515TYA.csv,726515,Brookings (AWOS)
726525TYA.csv,726525,Chan Gurney Muni
726625TYA.csv,726625,Ellsworth AFB
726540TYA.csv,726540,Huron Regional Arpt
726545TYA.csv,726545,Mitchell (AWOS)
726685TYA.csv,726685,Mobridge
726686TYA.csv,726686,Pierre Municipal AP
726620TYA.csv,726620,Rapid City Regional Arpt
726510TYA.csv,726510,Sioux Falls Foss Field
726546TYA.csv,726546,Watertown Municipal AP
<Td ALIGN="RIGHT" WIDTH="640,<Font Size="2" Face="Gil Sans,<A Href="#Top" CLASS="hide,Back To Top</A> &#160 </Font>
<Td ALIGN="RIGHT,<A Href="#Top" CLASS="hide,<Img Src="/gifs/blue_up_arrow.gif" Valign="Top" BORDER="0,,</Table>
723183TYA.csv,723183,Bristol Tri City Airport
723240TYA.csv,723240,Chattanooga Lovell Field AP
723265TYA.csv,723265,Crossville Memorial AP
723347TYA.csv,723347,Dyersburg Municipal AP
723346TYA.csv,723346,Jackson McKellar-Sipes Regl A
723260TYA.csv,723260,Knoxville McGhee Tyson AP
723340TYA.csv,723340,Memphis International AP
723270TYA.csv,723270,Nashville International AP
<Td ALIGN="RIGHT" WIDTH="640,<Font Size="2" Face="Gil Sans,<A Href="#Top" CLASS="hide,Back To Top</A> &#160 </Font>
<Td ALIGN="RIGHT,<A Href="#Top" CLASS="hide,<Img Src="/gifs/blue_up_arrow.gif" Valign="Top" BORDER="0,,</Table>
690190TYA.csv,690190,Abilene Dyess AFB
722660TYA.csv,722660,Abilene Regional AP [UT]
722517TYA.csv,722517,Alice Intl AP
723630TYA.csv,723630,Amarillo International AP [Canyon - UT]
722540TYA.csv,722540,Austin Mueller Municipal AP [UT]
722500TYA.csv,722500,Brownsville S Padre Isl Intl
722544TYA.csv,722544,Camp Mabry
723604TYA.csv,723604,Childress Municipal AP
722445TYA.csv,722445,College Station Easterwood Fl
722510TYA.csv,722510,Corpus Christi Intl Arpt [UT]
722515TYA.csv,722515,Corpus Christi NAS
722526TYA.csv,722526,Cotulla Faa AP
722587TYA.csv,722587,Cox Fld
722636TYA.csv,722636,Dalhart Municipal AP
722583TYA.csv,722583,Dallas Love Field
722598TYA.csv,722598,Dallas/Addison Arpt
722599TYA.csv,722599,Dallas/Redbird Arpt
722590TYA.csv,722590,Dallas-Fort Worth Intl AP
722610TYA.csv,722610,Del Rio [UT]
722615TYA.csv,722615,Del Rio Laughlin AFB
722577TYA.csv,722577,Draughon Miller Cen
722700TYA.csv,722700,El Paso International AP [UT]
722570TYA.csv,722570,Fort Hood
722594TYA.csv,722594,Fort Worth Alliance
722596TYA.csv,722596,Fort Worth Meacham
722595TYA.csv,722595,Fort Worth NAS
722420TYA.csv,722420,Galveston/Scholes
722547TYA.csv,722547,Georgetown (AWOS)
722588TYA.csv,722588,Greenville/Majors
722505TYA.csv,722505,Harlingen Rio Grande Valley I
722533TYA.csv,722533,Hondo Municipal AP
722430TYA.csv,722430,Houston Bush Intercontinental
722436TYA.csv,722436,Houston Ellington AFB [Clear Lake - UT]
722435TYA.csv,722435,Houston William P Hobby AP
722429TYA.csv,722429,Houston/D.W. Hooks
722575TYA.csv,722575,Killeen Muni (AWOS)
722516TYA.csv,722516,Kingsville
722520TYA.csv,722520,Laredo Intl AP [UT]
722470TYA.csv,722470,Longview Gregg County AP [Overton - UT]
722670TYA.csv,722670,Lubbock International AP
722446TYA.csv,722446,Lufkin Angelina Co
722640TYA.csv,722640,Marfa AP
722563TYA.csv,722563,McGregor (AWOS)
722506TYA.csv,722506,McAllen Miller Intl AP [Edinburg - UT]
722650TYA.csv,722650,Midland International AP
722597TYA.csv,722597,Mineral Wells Municipal AP
722499TYA.csv,722499,Nacogdoches (AWOS)
722555TYA.csv,722555,Palacios Municipal AP
722410TYA.csv,722410,Port Arthur Jefferson County
722536TYA.csv,722536,Randolph AFB
722576TYA.csv,722576,Robert Gray AAF
722524TYA.csv,722524,Rockport/Aransas Co
722630TYA.csv,722630,San Angelo Mathis Field
722530TYA.csv,722530,San Antonio Intl AP
722535TYA.csv,722535,San Antonio Kelly Field AFB
722523TYA.csv,722523,San Antonio/Stinson
722448TYA.csv,722448,Tyler/Pounds Fld
722550TYA.csv,722550,Victoria Regional AP
722560TYA.csv,722560,Waco Regional AP
723510TYA.csv,723510,Wichita Falls Municipal Arpt
722656TYA.csv,722656,Wink Winkler County AP
<Td ALIGN="RIGHT" WIDTH="640,<Font Size="2" Face="Gil Sans,<A Href="#Top" CLASS="hide,Back To Top</A> &#160 </Font>
<Td ALIGN="RIGHT,<A Href="#Top" CLASS="hide,<Img Src="/gifs/blue_up_arrow.gif" Valign="Top" BORDER="0,,</Table>
724723TYA.csv,724723,Blanding
724756TYA.csv,724756,Bryce Cnyn Faa AP
724755TYA.csv,724755,Cedar City Municipal AP
724795TYA.csv,724795,Delta
724735TYA.csv,724735,Hanksville
724776TYA.csv,724776,Moab/Canyonlands [UO]
725755TYA.csv,725755,Ogden Hill AFB
725750TYA.csv,725750,Ogden Hinkley Airport
725724TYA.csv,725724,Provo Muni (AWOS)
724754TYA.csv,724754,Saint George (AWOS)
725720TYA.csv,725720,Salt Lake City Int'l Arpt [ISIS]
725705TYA.csv,725705,Vernal
725810TYA.csv,725810,Wendover Usaf Auxiliary Field
<Td ALIGN="RIGHT" WIDTH="640,<Font Size="2" Face="Gil Sans,<A Href="#Top" CLASS="hide,Back To Top</A> &#160 </Font>
<Td ALIGN="RIGHT,<A Href="#Top" CLASS="hide,<Img Src="/gifs/blue_up_arrow.gif" Valign="Top" BORDER="0,,</Table>
726170TYA.csv,726170,Burlington International AP
726145TYA.csv,726145,Montpelier AP
725165TYA.csv,725165,Rutland State
726115TYA.csv,726115,Springfield/Hartnes
<Td ALIGN="RIGHT" WIDTH="640,<Font Size="2" Face="Gil Sans,<A Href="#Top" CLASS="hide,Back To Top</A> &#160 </Font>
<Td ALIGN="RIGHT,<A Href="#Top" CLASS="hide,<Img Src="/gifs/blue_up_arrow.gif" Valign="Top" BORDER="0,,</Table>
785430TYA.csv,785430,Charlotte Amalie Harry S Trum
<Td ALIGN="RIGHT" WIDTH="640,<Font Size="2" Face="Gil Sans,<A Href="#Top" CLASS="hide,Back To Top</A> &#160 </Font>
<Td ALIGN="RIGHT,<A Href="#Top" CLASS="hide,<Img Src="/gifs/blue_up_arrow.gif" Valign="Top" BORDER="0,,</Table>
724058TYA.csv,724058,Abingdon
724016TYA.csv,724016,Charlottesville Faa
724106TYA.csv,724106,Danville Faa AP
724037TYA.csv,724037,Davison AAF
724014TYA.csv,724014,Dinwiddie Co
724017TYA.csv,724017,Farmville
723083TYA.csv,723083,Franklin NAAS
724107TYA.csv,724107,Hillsville
724115TYA.csv,724115,Hot Springs/Ingalls
745980TYA.csv,745980,Langley AFB
724055TYA.csv,724055,Leesburg/Godfrey
724100TYA.csv,724100,Lynchburg Regional Arpt
724036TYA.csv,724036,Manassas Muni (AWOS)
724056TYA.csv,724056,Marion / Wytheville
745985TYA.csv,745985,Martinsville
724026TYA.csv,724026,Melfa/Accomack Arpt
723086TYA.csv,723086,Newport News
723080TYA.csv,723080,Norfolk International AP
723085TYA.csv,723085,Norfolk NAS
723075TYA.csv,723075,Oceana NAS
724116TYA.csv,724116,Pulaski
724035TYA.csv,724035,Quantico MCAS
724010TYA.csv,724010,Richmond International AP
724110TYA.csv,724110,Roanoke Regional AP
724033TYA.csv,724033,Shannon Arpt
724105TYA.csv,724105,Staunton/Shenandoah
724113TYA.csv,724113,Virginia Tech Arpt
724030TYA.csv,724030,Washington Dc Dulles Int'l Ar [Sterling - ISIS]
724050TYA.csv,724050,Washington Dc Reagan AP
724053TYA.csv,724053,Winchester Rgnl
724117TYA.csv,724117,Wise/Lonesome Pine
727976TYA.csv,727976,Bellingham Intl AP
727928TYA.csv,727928,Bremerton National
727826TYA.csv,727826,Ephrata AP FCWOS
727855TYA.csv,727855,Fairchild AFB
727856TYA.csv,727856,Felts Fld
742070TYA.csv,742070,Gray AAF
727840TYA.csv,727840,Hanford
727923TYA.csv,727923,Hoquiam AP
727924TYA.csv,727924,Kelso Wb AP
727827TYA.csv,727827,Moses Lake Grant County AP
727920TYA.csv,727920,Olympia Airport
727845TYA.csv,727845,Pasco
727857TYA.csv,727857,Pullman/Moscow Rgnl
727970TYA.csv,727970,Quillayute State Airport
727934TYA.csv,727934,Renton Muni
727935TYA.csv,727935,Seattle Boeing Field [ISIS]
727930TYA.csv,727930,Seattle Seattle-Tacoma Intl A
727937TYA.csv,727937,Snohomish Co
727850TYA.csv,727850,Spokane International AP [Cheney - UO]
727815TYA.csv,727815,Stampede Pass
742060TYA.csv,742060,Tacoma McChord AFB
727938TYA.csv,727938,Tacoma Narrows
726988TYA.csv,726988,The Dalles Municipal Arpt
727926TYA.csv,727926,Toledo-Winlock Mem
727846TYA.csv,727846,Walla Walla City County AP
727825TYA.csv,727825,Wenatchee/Pangborn
690230TYA.csv,690230,Whidbey Island NAS
727885TYA.csv,727885,William R Fairchild
727810TYA.csv,727810,Yakima Air Terminal
724120TYA.csv,724120,Beckley Raleigh Co Mem AP
724125TYA.csv,724125,Bluefield/Mercer Co [Nrel]
724140TYA.csv,724140,Charleston Yeager Arpt
724170TYA.csv,724170,Elkins Elkins-Randolph Co Arp
724175TYA.csv,724175,Harrison Marion Rgn
724250TYA.csv,724250,Huntington Tri-State Arpt
724127TYA.csv,724127,Lewisburg/Greenbrie
724177TYA.csv,724177,Martinsburg Eastern Wv Reg AP
724176TYA.csv,724176,Morgantown Hart Field
724273TYA.csv,724273,Parkersburg Wood County AP
724275TYA.csv,724275,Wheeling Ohio County AP
726626TYA.csv,726626,Antigo/Lang (AWOS)
726457TYA.csv,726457,Appleton/Outagamie
726435TYA.csv,726435,Eau Claire County AP
726450TYA.csv,726450,Green Bay Austin Straubel Int
726415TYA.csv,726415,Janesville/Rock Co.
726430TYA.csv,726430,La Crosse Municipal Arpt
726416TYA.csv,726416,Lone Rock Faa AP
726410TYA.csv,726410,Madison Dane Co Regional Arpt [ISIS]
726455TYA.csv,726455,Manitowac Muni AWOS
726574TYA.csv,726574,Marshfield Muni
726400TYA.csv,726400,Milwaukee Mitchell Intl AP
726404TYA.csv,726404,Minocqua/Woodruff
726465TYA.csv,726465,Mosinee/Central Wi
726468TYA.csv,726468,Phillips/Price Co.
727415TYA.csv,727415,Rhinelander Oneida
726467TYA.csv,726467,Rice Lake Municipal
726458TYA.csv,726458,Sturgeon Bay
726464TYA.csv,726464,Watertown
726463TYA.csv,726463,Wausau Municipal Arpt
726456TYA.csv,726456,Wittman Rgnl
725690TYA.csv,725690,Casper Natrona Co Intl AP
725640TYA.csv,725640,Cheyenne Municipal Arpt
726700TYA.csv,726700,Cody Muni (AWOS)
725775TYA.csv,725775,Evanston/Burns Fld
726650TYA.csv,726650,Gillette/Gillette-C
725776TYA.csv,725776,Jackson Hole
725760TYA.csv,725760,Lander Hunt Field
725645TYA.csv,725645,Laramie General Brees Field
725745TYA.csv,725745,Rawlins Municipal AP
725765TYA.csv,725765,Riverton Municipl AP
725744TYA.csv,725744,Rock Springs Arpt [Green River - UO]
726660TYA.csv,726660,Sheridan County Arpt
726665TYA.csv,726665,Worland Municipal
